File,Object,x0,y0,x1,y1
1000058_20204_2_0,Liver,66,65,231,209
1000058_20204_2_0,Body,41,36,332,242
1000058_20204_2_0,Spleen,236,142,297,207
1000058_20204_2_0,Aorta,194,140,220,165
1000197_20204_2_0,Liver,56,91,211,229
1000197_20204_2_0,Body,36,57,312,269
1000197_20204_2_0,Spleen,211,160,296,235
1000197_20204_2_0,Aorta,175,157,201,181
1000197_20204_2_0,IVC,144,149,164,167
1000200_20204_2_0,Liver,50,62,211,236
1000200_20204_2_0,Body,25,31,346,265
1000200_20204_2_0,Cyst,97,182,127,210
1000200_20204_2_0,Cyst,140,66,172,90
1000200_20204_2_0,Spleen,220,184,315,230
1000200_20204_2_0,Aorta,191,151,218,181
1000200_20204_2_0,IVC,146,151,170,169
1000344_20204_2_0,Liver,51,71,226,232
1000344_20204_2_0,Body,26,26,355,270
1000344_20204_2_0,Spleen,226,154,322,228
1000344_20204_2_0,Aorta,196,154,222,180
1000344_20204_2_0,IVC,162,156,181,171
1000344_20204_3_0,Liver,52,74,255,233
1000344_20204_3_0,Body,22,23,364,270
1000344_20204_3_0,Spleen,234,156,312,226
1000344_20204_3_0,Aorta,200,153,226,179
1000344_20204_3_0,IVC,169,155,185,169
1000440_20204_2_0,Liver,75,101,249,238
1000440_20204_2_0,Body,46,67,350,269
1000440_20204_2_0,Spleen,242,197,316,234
1000440_20204_2_0,Aorta,212,172,239,198
1000440_20204_2_0,IVC,163,167,187,189
1000695_20204_2_0,Liver,71,74,221,224
1000695_20204_2_0,Body,22,28,357,260
1000695_20204_2_0,Spleen,237,153,313,223
1000695_20204_2_0,Aorta,196,146,223,170
1000829_20204_2_0,Liver,65,80,226,221
1000829_20204_2_0,Body,47,53,325,248
1000829_20204_2_0,Spleen,248,141,303,217
1000829_20204_2_0,Aorta,193,139,222,166
1000829_20204_2_0,IVC,150,145,174,161
1000861_20204_2_0,Liver,65,109,119,203
1000861_20204_2_0,Body,49,43,339,249
1000861_20204_2_0,Kidney,109,158,164,204
1000861_20204_2_0,Kidney,229,159,291,208
1001001_20204_2_0,Liver,91,84,269,195
1001001_20204_2_0,Body,84,67,320,211
1001001_20204_2_0,IVC,160,119,192,146
1001222_20204_2_0,Liver,83,121,299,237
1001222_20204_2_0,Body,62,77,360,271
1001222_20204_2_0,Spleen,227,158,312,237
1001222_20204_2_0,Aorta,203,175,230,199
1001222_20204_2_0,IVC,169,167,190,185
1001334_20204_2_0,Liver,81,97,230,234
1001334_20204_2_0,Body,59,68,327,270
1001334_20204_2_0,Spleen,233,194,290,232
1001334_20204_2_0,Aorta,191,165,217,190
1001334_20204_2_0,IVC,160,169,181,190
1001471_20204_2_0,Liver,70,87,270,228
1001471_20204_2_0,Body,31,32,341,270
1001471_20204_2_0,Spleen,215,155,296,228
1001471_20204_2_0,Aorta,188,162,211,184
1001471_20204_2_0,IVC,158,157,174,172
1001471_20204_3_0,Liver,81,85,279,227
1001471_20204_3_0,Body,40,31,343,266
1001471_20204_3_0,Spleen,230,147,308,223
1001471_20204_3_0,Aorta,199,160,221,182
1001471_20204_3_0,IVC,170,158,184,173
1001653_20204_2_0,Liver,52,70,296,237
1001653_20204_2_0,Body,22,2,371,284
1001653_20204_2_0,Spleen,247,160,329,242
1001653_20204_2_0,Aorta,195,149,228,182
1001653_20204_2_0,IVC,158,159,183,181
1001878_20204_2_0,Spleen,235,170,297,226
1001878_20204_2_0,Aorta,194,162,215,185
1001878_20204_2_0,IVC,167,163,182,177
1001878_20204_2_0,Body,38,74,350,245
1001878_20204_2_0,Liver,80,97,272,221
1002020_20204_2_0,Liver,54,99,249,249
1002020_20204_2_0,Body,1,43,377,274
1002020_20204_2_0,Spleen,209,204,297,233
1002020_20204_2_0,Aorta,188,167,212,193
1002219_20204_2_0,Liver,72,106,228,234
1002219_20204_2_0,Body,36,83,340,270
1002219_20204_2_0,Spleen,229,152,295,233
1002219_20204_2_0,Aorta,184,162,205,184
1002219_20204_2_0,IVC,156,165,178,188
1002267_20204_2_0,Liver,53,97,262,224
1002267_20204_2_0,Body,43,78,323,252
1002267_20204_2_0,Spleen,231,168,301,221
1002267_20204_2_0,Aorta,187,154,212,178
1002267_20204_2_0,IVC,145,159,178,180
1002293_20204_2_0,Liver,82,82,225,211
1002293_20204_2_0,Body,70,56,308,238
1002293_20204_2_0,Aorta,187,143,211,167
1002360_20204_2_0,Liver,91,77,224,215
1002360_20204_2_0,Body,62,35,344,249
1002360_20204_2_0,Spleen,251,116,318,210
1002360_20204_2_0,Aorta,204,139,228,163
1002406_20204_2_0,Liver,74,61,256,215
1002406_20204_2_0,Body,30,29,351,254
1002406_20204_2_0,Spleen,243,140,307,211
1002406_20204_2_0,Aorta,202,147,235,178
1002607_20204_2_0,Liver,85,79,243,210
1002607_20204_2_0,Body,53,52,343,248
1002607_20204_2_0,Spleen,237,171,282,210
1002607_20204_2_0,Aorta,187,154,206,175
1002607_20204_2_0,IVC,162,148,177,165
1002712_20204_2_0,Liver,67,63,227,224
1002712_20204_2_0,Body,27,32,341,261
1002712_20204_2_0,Spleen,228,159,297,223
1002712_20204_2_0,Aorta,183,152,204,177
1002830_20204_2_0,Liver,56,77,234,234
1002830_20204_2_0,Spleen,225,165,297,245
1002830_20204_2_0,Body,21,46,327,273
1002830_20204_2_0,Aorta,172,162,198,187
1002830_20204_2_0,IVC,136,159,154,184
1002830_20204_3_0,Liver,58,59,229,218
1002830_20204_3_0,Body,26,26,337,252
1002830_20204_3_0,Spleen,249,141,309,223
1002830_20204_3_0,IVC,147,143,166,162
1002830_20204_3_0,Aorta,183,143,206,167
1002845_20204_2_0,Liver,85,79,278,205
1002845_20204_2_0,Body,59,53,315,232
1002845_20204_2_0,Spleen,213,148,291,204
1002845_20204_2_0,Aorta,184,138,210,160
1002845_20204_2_0,IVC,160,139,180,163
1003257_20204_2_0,Liver,56,81,163,225
1003257_20204_2_0,Body,36,38,331,256
1003257_20204_2_0,Heart,181,73,270,137
1003257_20204_2_0,Aorta,184,149,218,177
1003483_20204_2_0,Liver,80,89,259,224
1003483_20204_2_0,Body,38,46,353,254
1003483_20204_2_0,Spleen,235,164,298,214
1003483_20204_2_0,Aorta,205,161,227,189
1003483_20204_2_0,IVC,171,152,184,171
1003652_20204_2_0,Liver,50,65,214,212
1003652_20204_2_0,Body,22,33,335,252
1003652_20204_2_0,Spleen,222,137,307,219
1003652_20204_2_0,Aorta,186,142,219,172
1003816_20204_2_0,Liver,86,79,278,207
1003816_20204_2_0,Body,73,50,323,233
1003816_20204_2_0,Spleen,232,141,304,203
1003816_20204_2_0,Aorta,197,135,219,160
1003816_20204_2_0,IVC,168,140,182,154
1003860_20204_2_0,Liver,65,72,208,213
1003860_20204_2_0,Body,30,25,356,263
1003860_20204_2_0,Spleen,237,128,317,209
1003860_20204_2_0,Aorta,203,148,229,172
1003860_20204_2_0,IVC,157,141,183,155
1003970_20204_2_0,Liver,64,36,240,232
1003970_20204_2_0,Body,19,0,365,268
1003970_20204_2_0,Spleen,214,137,315,222
1003970_20204_2_0,Aorta,181,144,208,173
1004328_20204_2_0,Body,51,36,350,254
1004328_20204_2_0,Liver,81,71,251,216
1004328_20204_2_0,Spleen,222,138,313,214
1004328_20204_2_0,Aorta,200,151,225,172
1004625_20204_2_0,Liver,59,64,208,222
1004625_20204_2_0,Body,35,35,349,250
1004625_20204_2_0,Spleen,267,159,329,220
1004625_20204_2_0,Aorta,192,142,219,164
1004625_20204_2_0,IVC,147,139,179,163
1004667_20204_2_0,Liver,73,72,231,226
1004667_20204_2_0,Body,33,37,358,258
1004667_20204_2_0,Spleen,227,153,309,221
1004667_20204_2_0,Aorta,203,151,226,175
1004718_20204_2_0,Liver,80,130,240,247
1004718_20204_2_0,Body,62,107,314,267
1004718_20204_2_0,Aorta,189,183,205,203
1004718_20204_2_0,IVC,157,186,171,202
1004718_20204_3_0,Liver,70,126,237,240
1004718_20204_3_0,Body,42,97,318,267
1004718_20204_3_0,Spleen,195,200,274,245
1004718_20204_3_0,Aorta,176,181,198,199
1004718_20204_3_0,IVC,143,179,160,197
1004756_20204_2_0,Liver,71,61,230,207
1004756_20204_2_0,Body,48,16,346,266
1004756_20204_2_0,Spleen,242,154,316,221
1004756_20204_2_0,Aorta,200,154,229,181
1004869_20204_2_0,Liver,78,116,235,232
1004869_20204_2_0,Body,44,80,331,267
1004869_20204_2_0,Spleen,224,202,281,233
1004869_20204_2_0,Aorta,187,161,217,187
1004869_20204_2_0,IVC,158,169,178,185
1004875_20204_2_0,Liver,58,63,227,229
1004875_20204_2_0,Body,9,22,364,264
1004875_20204_2_0,Spleen,242,136,323,231
1004875_20204_2_0,Aorta,178,149,205,174
1004943_20204_2_0,Liver,67,56,244,225
1004943_20204_2_0,Body,32,4,362,270
1004943_20204_2_0,Spleen,245,137,329,229
1004943_20204_2_0,Aorta,203,152,232,182
1004943_20204_2_0,IVC,170,138,191,151
1004952_20204_2_0,Liver,69,67,232,221
1004952_20204_2_0,Body,23,31,351,258
1004952_20204_2_0,Aorta,190,147,218,175
1005153_20204_2_0,Liver,56,72,208,233
1005153_20204_2_0,Body,27,30,346,280
1005153_20204_2_0,Aorta,183,156,205,176
1005153_20204_2_0,IVC,144,151,170,168
1005153_20204_2_0,Spleen,221,181,310,230
1005250_20204_2_0,Liver,85,77,253,224
1005250_20204_2_0,Body,50,40,363,256
1005250_20204_2_0,Spleen,247,139,307,207
1005250_20204_2_0,Aorta,213,147,235,168
1005250_20204_2_0,IVC,180,142,201,159
1005250_20204_2_0,Cyst,152,97,164,108
1005250_20204_2_0,Cyst,170,87,192,106
1005250_20204_2_0,Cyst,160,118,171,128
1005250_20204_2_0,Cyst,102,183,114,196
1005268_20204_2_0,Liver,69,53,217,221
1005268_20204_2_0,Body,20,8,361,266
1005268_20204_2_0,Aorta,211,152,238,182
1005268_20204_2_0,IVC,175,130,194,149
1005268_20204_2_0,Spleen,238,156,292,216
1005515_20204_2_0,Liver,48,76,221,247
1005515_20204_2_0,Body,17,31,373,277
1005515_20204_2_0,Spleen,248,179,328,237
1005515_20204_2_0,Aorta,192,164,218,188
1005515_20204_2_0,IVC,150,163,175,180
1005608_20204_2_0,Liver,85,80,256,207
1005608_20204_2_0,Body,42,46,352,232
1005608_20204_2_0,Spleen,220,149,299,210
1005608_20204_2_0,Aorta,197,137,224,164
1005608_20204_2_0,IVC,169,137,193,156
1005620_20204_2_0,Liver,70,74,238,205
1005620_20204_2_0,Body,44,25,353,253
1005620_20204_2_0,Aorta,201,151,225,177
1005631_20204_2_0,Liver,46,45,184,215
1005631_20204_2_0,Body,24,20,348,272
1005631_20204_2_0,Spleen,218,176,292,231
1005631_20204_2_0,Aorta,176,160,198,181
1005631_20204_2_0,IVC,148,152,160,162
1005707_20204_2_0,Liver,79,88,233,216
1005707_20204_2_0,Body,48,51,337,248
1005707_20204_2_0,Spleen,232,157,300,220
1005707_20204_2_0,Aorta,194,149,216,175
1005707_20204_2_0,IVC,161,150,180,168
1005736_20204_2_0,Liver,74,90,192,217
1005736_20204_2_0,Body,13,50,359,259
1005736_20204_2_0,Spleen,237,178,308,224
1005736_20204_2_0,Aorta,188,139,216,163
1005736_20204_2_0,IVC,162,147,186,162
1005782_20204_2_0,Liver,95,74,241,196
1005782_20204_2_0,Body,83,50,320,235
1005782_20204_2_0,Spleen,249,164,295,204
1005782_20204_2_0,Aorta,194,130,215,151
1005782_20204_2_0,IVC,168,140,186,152
1005888_20204_2_0,Liver,80,88,254,207
1005888_20204_2_0,Body,68,77,314,228
1005888_20204_2_0,Aorta,188,141,209,160
1005888_20204_2_0,IVC,160,133,184,155
1005888_20204_2_0,Spleen,228,146,295,207
1005916_20204_2_0,Liver,97,73,282,226
1005916_20204_2_0,Body,27,20,360,274
1005916_20204_2_0,Spleen,239,151,303,217
1005916_20204_2_0,Heart,239,118,279,165
1005916_20204_2_0,Aorta,208,162,227,183
1005916_20204_2_0,IVC,184,152,203,177
1006098_20204_2_0,Liver,86,82,252,220
1006098_20204_2_0,Body,66,59,327,243
1006098_20204_2_0,Spleen,227,138,305,211
1006098_20204_2_0,Aorta,204,153,227,175
1006098_20204_2_0,IVC,169,151,186,164
1006111_20204_2_0,Liver,72,83,212,236
1006111_20204_2_0,Body,25,45,351,269
1006111_20204_2_0,Spleen,225,161,300,227
1006111_20204_2_0,Aorta,192,174,214,195
1006111_20204_2_0,IVC,169,162,183,177
1006137_20204_2_0,Liver,71,102,268,239
1006137_20204_2_0,Body,52,69,332,268
1006137_20204_2_0,Spleen,232,193,283,228
1006137_20204_2_0,Aorta,189,157,214,179
1006137_20204_2_0,IVC,156,167,177,181
1006361_20204_2_0,Liver,79,84,242,225
1006361_20204_2_0,Body,60,60,333,250
1006361_20204_2_0,Spleen,246,154,306,218
1006361_20204_2_0,Aorta,196,150,222,181
1006361_20204_2_0,IVC,157,156,178,179
1006422_20204_2_0,Liver,53,88,231,235
1006422_20204_2_0,Body,41,58,337,259
1006422_20204_2_0,Spleen,230,144,313,223
1006422_20204_2_0,Aorta,195,145,214,170
1006422_20204_2_0,IVC,154,147,186,165
1006422_20204_3_0,Liver,52,91,204,232
1006422_20204_3_0,Body,34,45,340,263
1006422_20204_3_0,Aorta,193,152,213,180
1006422_20204_3_0,IVC,154,149,177,168
1006422_20204_3_0,Lung,210,82,326,234
1006477_20204_2_0,Liver,83,80,252,209
1006477_20204_2_0,Body,3,40,374,243
1006477_20204_2_0,Kidney,132,150,176,193
1006477_20204_2_0,Kidney,214,141,263,188
1006477_20204_2_0,Spleen,260,164,306,202
1006477_20204_2_0,Aorta,191,124,212,145
1006477_20204_2_0,IVC,165,131,185,146
1006501_20204_2_0,Liver,82,77,236,225
1006501_20204_2_0,Body,53,33,354,272
1006501_20204_2_0,Spleen,243,166,327,224
1006501_20204_2_0,Aorta,206,161,231,188
1006527_20204_2_0,Liver,77,81,248,229
1006527_20204_2_0,Body,17,37,368,270
1006527_20204_2_0,Spleen,230,177,294,225
1006527_20204_2_0,Heart,233,114,282,187
1006527_20204_2_0,Aorta,203,163,224,186
1006635_20204_2_0,Liver,79,93,233,234
1006635_20204_2_0,Body,59,62,341,268
1006635_20204_2_0,Spleen,255,159,317,232
1006635_20204_2_0,Aorta,201,159,226,185
1006635_20204_2_0,IVC,168,159,197,181
1006793_20204_2_0,Liver,73,78,220,232
1006793_20204_2_0,Body,31,32,344,268
1006793_20204_2_0,Spleen,228,160,320,231
1006793_20204_2_0,Aorta,192,149,220,174
1007015_20204_2_0,Liver,39,59,258,232
1007015_20204_2_0,Body,22,24,361,266
1007015_20204_2_0,Aorta,195,145,226,176
1007015_20204_2_0,Spleen,255,159,325,222
1007125_20204_2_0,Liver,62,60,249,228
1007125_20204_2_0,Body,47,21,362,258
1007125_20204_2_0,Spleen,242,156,311,210
1007125_20204_2_0,Aorta,209,142,238,167
1007321_20204_2_0,Liver,87,114,252,214
1007321_20204_2_0,Body,68,76,344,239
1007321_20204_2_0,Spleen,229,153,307,215
1007321_20204_2_0,Aorta,204,159,223,178
1007321_20204_2_0,IVC,175,159,192,169
1007426_20204_2_0,Liver,79,99,234,236
1007426_20204_2_0,Body,62,70,359,262
1007426_20204_2_0,Spleen,247,175,326,234
1007426_20204_2_0,Aorta,216,163,241,188
1007426_20204_2_0,IVC,179,169,200,184
1007474_20204_2_0,Liver,95,107,268,229
1007474_20204_2_0,Body,89,89,315,246
1007474_20204_2_0,Spleen,218,167,303,228
1007474_20204_2_0,Aorta,202,163,221,185
1007474_20204_2_0,IVC,172,169,191,186
1007474_20204_3_0,Liver,81,83,231,209
1007474_20204_3_0,Body,71,55,312,235
1007474_20204_3_0,Kidney,208,155,262,206
1007474_20204_3_0,Aorta,190,137,210,158
1007474_20204_3_0,IVC,162,146,185,162
1007509_20204_2_0,Liver,83,72,272,212
1007509_20204_2_0,Body,51,49,335,244
1007509_20204_2_0,Spleen,239,147,312,213
1007509_20204_2_0,Aorta,207,143,227,164
1007509_20204_2_0,IVC,169,140,195,158
1007677_20204_2_0,Liver,64,107,222,227
1007677_20204_2_0,Body,41,67,343,261
1007677_20204_2_0,Spleen,219,167,305,223
1007677_20204_2_0,Aorta,200,160,221,184
1007677_20204_2_0,IVC,157,161,183,180
1007677_20204_3_0,Liver,58,69,222,211
1007677_20204_3_0,Body,35,36,361,248
1007677_20204_3_0,Aorta,202,144,228,170
1007872_20204_2_0,Liver,79,63,260,221
1007872_20204_2_0,Body,50,23,332,260
1007872_20204_2_0,Spleen,238,162,300,216
1007872_20204_2_0,Aorta,186,151,209,175
1007872_20204_2_0,IVC,168,135,185,154
1008365_20204_2_0,Liver,90,84,233,208
1008365_20204_2_0,Body,69,54,323,231
1008365_20204_2_0,Spleen,227,162,297,215
1008365_20204_2_0,Aorta,189,141,210,163
1008365_20204_2_0,IVC,164,139,183,156
1008365_20204_2_0,Cyst,94,140,139,188
1008365_20204_2_0,Cyst,105,124,127,143
1008505_20204_2_0,Liver,54,101,262,260
1008505_20204_2_0,Body,31,58,383,287
1008505_20204_2_0,Spleen,268,167,358,258
1008505_20204_2_0,Aorta,221,172,253,207
1008505_20204_2_0,IVC,164,168,194,193
1008581_20204_2_0,Liver,81,98,260,223
1008581_20204_2_0,Body,19,55,348,245
1008581_20204_2_0,Aorta,197,153,215,173
1008581_20204_2_0,IVC,168,151,186,164
1008618_20204_2_0,Liver,99,98,264,211
1008618_20204_2_0,Body,67,62,327,235
1008618_20204_2_0,Spleen,226,125,299,204
1008618_20204_2_0,Aorta,206,152,225,170
1008618_20204_2_0,IVC,180,152,191,166
1008783_20204_2_0,Liver,84,64,238,219
1008783_20204_2_0,Body,52,23,344,261
1008783_20204_2_0,Spleen,229,146,310,220
1008783_20204_2_0,Aorta,195,154,218,179
1008783_20204_2_0,IVC,171,151,187,165
1008826_20204_2_0,Liver,69,110,295,234
1008826_20204_2_0,Body,37,68,329,266
1008826_20204_2_0,Aorta,195,169,219,193
1008906_20204_2_0,Liver,80,110,253,235
1008906_20204_2_0,Body,60,76,323,259
1008906_20204_2_0,Spleen,221,179,301,230
1008906_20204_2_0,Aorta,190,150,213,176
1008906_20204_2_0,IVC,166,163,183,178
1009163_20204_2_0,Liver,94,87,245,235
1009163_20204_2_0,Body,48,56,381,272
1009163_20204_2_0,Aorta,232,182,256,207
1009163_20204_2_0,IVC,194,169,210,187
1009187_20204_2_0,Liver,47,101,191,229
1009187_20204_2_0,Body,27,62,317,269
1009187_20204_2_0,Kidney,188,185,244,224
1009192_20204_2_0,Liver,71,116,240,238
1009192_20204_2_0,Body,41,83,335,266
1009192_20204_2_0,Spleen,239,181,297,239
1009192_20204_2_0,Aorta,185,161,208,187
1009192_20204_2_0,IVC,153,170,172,187
1009192_20204_2_0,Heart,235,138,280,184
1009192_20204_2_0,Kidney,203,194,234,237
1009259_20204_2_0,Liver,53,101,246,250
1009259_20204_2_0,Body,41,86,330,279
1009259_20204_2_0,Spleen,202,197,287,245
1009259_20204_2_0,Aorta,181,174,206,199
1009259_20204_2_0,IVC,150,172,174,190
1009520_20204_2_0,Liver,75,60,218,233
1009520_20204_2_0,Spleen,241,170,318,231
1009520_20204_2_0,Aorta,191,163,216,187
1009520_20204_2_0,IVC,163,160,181,171
1009520_20204_2_0,Body,44,29,357,270
1009520_20204_3_0,Liver,74,69,228,231
1009520_20204_3_0,Body,39,18,360,262
1009520_20204_3_0,Spleen,250,173,319,225
1009520_20204_3_0,Aorta,192,155,215,180
1009520_20204_3_0,IVC,163,153,182,172
1009722_20204_2_0,Spleen,226,160,300,233
1009722_20204_2_0,Liver,73,92,232,232
1009722_20204_2_0,Body,48,63,325,272
1009722_20204_2_0,Aorta,197,166,222,191
1009722_20204_2_0,IVC,169,161,184,180
1009722_20204_3_0,Liver,90,81,254,221
1009722_20204_3_0,Body,56,55,346,257
1009722_20204_3_0,Spleen,239,161,295,215
1009722_20204_3_0,Aorta,212,160,235,184
1009865_20204_2_0,Spleen,235,169,323,215
1009865_20204_2_0,Liver,94,94,251,216
1009865_20204_2_0,Body,73,70,345,248
1009865_20204_2_0,Aorta,211,145,232,168
1009865_20204_2_0,IVC,182,149,205,167
1009865_20204_2_0,Cyst,161,132,174,147
1009884_20204_2_0,Liver,69,62,242,224
1009884_20204_2_0,Body,54,33,352,254
1009884_20204_2_0,Spleen,233,161,307,203
1009884_20204_2_0,Aorta,208,150,236,175
1009884_20204_2_0,IVC,163,143,195,168
1009896_20204_2_0,Liver,70,87,222,216
1009896_20204_2_0,Body,48,59,332,243
1009896_20204_2_0,Aorta,186,137,205,157
1010032_20204_2_0,Liver,83,64,250,223
1010032_20204_2_0,Body,50,28,359,254
1010032_20204_2_0,Spleen,275,120,330,212
1010032_20204_2_0,Aorta,204,148,230,171
1010032_20204_2_0,IVC,175,138,191,158
1010048_20204_2_0,Liver,65,72,210,238
1010048_20204_2_0,Body,31,27,372,272
1010048_20204_2_0,Spleen,247,136,341,233
1010048_20204_2_0,Aorta,207,158,233,183
1010382_20204_2_0,Liver,80,90,277,213
1010382_20204_2_0,Body,54,43,346,243
1010382_20204_2_0,Spleen,238,170,289,206
1010382_20204_2_0,Aorta,199,136,225,169
1010382_20204_2_0,IVC,162,141,190,160
1010518_20204_2_0,Spleen,228,191,316,238
1010518_20204_2_0,Liver,100,126,282,237
1010518_20204_2_0,Body,64,86,379,265
1010518_20204_2_0,Aorta,207,166,231,191
1010518_20204_2_0,IVC,181,173,203,190
1010518_20204_2_0,Heart,279,143,317,187
1010563_20204_2_0,Liver,70,60,240,225
1010563_20204_2_0,Body,49,29,344,256
1010563_20204_2_0,Spleen,233,180,296,217
1010563_20204_2_0,Aorta,190,146,210,171
1010563_20204_2_0,IVC,166,147,178,159
1010616_20204_2_0,Liver,71,82,224,238
1010616_20204_2_0,Body,52,51,333,267
1010616_20204_2_0,Spleen,230,171,294,234
1010616_20204_2_0,Aorta,190,173,211,194
1010616_20204_2_0,IVC,158,167,173,183
1010660_20204_2_0,Liver,80,83,267,210
1010660_20204_2_0,Body,60,52,327,234
1010660_20204_2_0,Spleen,256,127,299,203
1010660_20204_2_0,Heart,235,103,281,145
1010660_20204_2_0,Aorta,186,134,213,161
1010660_20204_2_0,IVC,156,133,183,156
1010660_20204_2_0,Kidney,209,155,258,202
1010711_20204_2_0,Liver,72,112,239,235
1010711_20204_2_0,Body,15,81,356,258
1010711_20204_2_0,Spleen,242,179,307,234
1010711_20204_2_0,Aorta,200,169,225,194
1010711_20204_2_0,IVC,160,180,177,197
1010800_20204_2_0,Liver,102,106,263,241
1010800_20204_2_0,Body,36,75,369,264
1010800_20204_2_0,Spleen,236,196,287,228
1010800_20204_2_0,Aorta,200,168,220,190
1010800_20204_2_0,IVC,178,160,193,179
1010828_20204_2_0,Liver,43,112,162,235
1010828_20204_2_0,Body,20,66,320,271
1010828_20204_2_0,Spleen,244,209,273,232
1010828_20204_2_0,Kidney,201,193,242,229
1010828_20204_2_0,Aorta,168,164,189,185
1011107_20204_2_0,Liver,55,110,183,250
1011107_20204_2_0,Body,30,80,340,282
1011107_20204_2_0,Spleen,240,183,306,246
1011107_20204_2_0,Kidney,211,190,253,229
1011107_20204_2_0,Aorta,185,168,216,193
1011107_20204_2_0,IVC,143,182,168,197
1011140_20204_2_0,Liver,92,119,272,247
1011140_20204_2_0,Body,73,89,320,270
1011140_20204_2_0,Spleen,221,179,298,230
1011140_20204_2_0,Aorta,201,175,224,198
1011140_20204_2_0,IVC,175,171,187,186
1011175_20204_2_0,Liver,73,71,230,221
1011175_20204_2_0,Body,42,33,347,264
1011175_20204_2_0,Spleen,237,148,306,215
1011175_20204_2_0,Aorta,198,159,230,191
1011175_20204_2_0,IVC,157,151,177,170
1011198_20204_2_0,Liver,75,49,241,243
1011198_20204_2_0,Body,45,12,360,271
1011198_20204_2_0,Spleen,244,164,323,233
1011198_20204_2_0,Aorta,187,149,221,177
1011198_20204_2_0,IVC,162,151,183,173
1011273_20204_2_0,Liver,72,82,256,236
1011273_20204_2_0,Body,42,42,363,271
1011273_20204_2_0,Spleen,244,174,313,222
1011273_20204_2_0,Aorta,204,168,226,189
1011273_20204_2_0,IVC,169,160,184,175
1011309_20204_2_0,Liver,78,90,246,232
1011309_20204_2_0,Body,40,55,347,269
1011309_20204_2_0,Spleen,245,169,302,231
1011309_20204_2_0,Aorta,199,161,222,183
1011309_20204_2_0,IVC,169,159,184,174
1011420_20204_2_0,Liver,90,104,254,234
1011420_20204_2_0,Body,30,70,352,269
1011420_20204_2_0,Spleen,228,186,279,225
1011420_20204_2_0,Aorta,190,171,213,192
1011420_20204_2_0,IVC,164,169,179,185
1012287_20204_2_0,Liver,72,106,251,238
1012287_20204_2_0,Body,34,80,313,267
1012287_20204_2_0,Spleen,213,205,267,238
1012287_20204_2_0,Aorta,163,162,182,185
1012287_20204_2_0,IVC,146,161,159,177
1012422_20204_2_0,Liver,64,94,232,233
1012422_20204_2_0,Body,42,55,342,268
1012422_20204_2_0,Spleen,229,167,290,222
1012422_20204_2_0,Aorta,198,168,227,196
1012422_20204_2_0,IVC,158,160,178,170
1012477_20204_2_0,Spleen,271,134,316,180
1012477_20204_2_0,Liver,74,76,248,189
1012477_20204_2_0,Body,57,45,334,215
1012477_20204_2_0,Kidney,226,129,274,164
1012477_20204_2_0,Heart,246,76,294,117
1012477_20204_2_0,Aorta,201,112,227,135
1012477_20204_2_0,IVC,160,130,178,140
1012855_20204_2_0,Liver,82,78,244,208
1012855_20204_2_0,Body,65,50,342,237
1012855_20204_2_0,Spleen,266,130,323,206
1012855_20204_2_0,Kidney,225,156,270,199
1012855_20204_2_0,IVC,166,142,192,163
1012855_20204_2_0,Aorta,201,141,226,164
1012883_20204_2_0,Body,8,27,368,266
1012883_20204_2_0,Liver,70,73,224,223
1012883_20204_2_0,Spleen,212,164,289,219
1012883_20204_2_0,Aorta,184,156,205,177
1012883_20204_2_0,IVC,162,146,175,162
1013239_20204_2_0,Liver,84,87,249,203
1013239_20204_2_0,Body,72,64,322,230
1013239_20204_2_0,Spleen,251,141,302,202
1013239_20204_2_0,Aorta,189,133,210,155
1013239_20204_2_0,IVC,156,141,181,157
1013344_20204_2_0,Liver,78,50,237,208
1013344_20204_2_0,Body,46,12,340,252
1013344_20204_2_0,Spleen,256,122,307,189
1013344_20204_2_0,Aorta,192,136,217,165
1013344_20204_2_0,Cyst,93,188,105,199
1013344_20204_2_0,Cyst,99,193,111,208
1013344_20204_2_0,Cyst,81,126,101,148
1013344_20204_2_0,Cyst,103,161,113,173
1013344_20204_2_0,Cyst,108,93,117,102
1013344_20204_2_0,Cyst,117,69,129,81
1013344_20204_2_0,Cyst,149,48,156,57
1013344_20204_2_0,Cyst,176,52,191,66
1013344_20204_2_0,Cyst,216,65,231,81
1013454_20204_2_0,Liver,77,72,224,215
1013454_20204_2_0,Body,17,30,364,264
1013454_20204_2_0,Spleen,224,168,290,208
1013454_20204_2_0,Aorta,184,155,205,177
1013454_20204_2_0,IVC,160,143,171,159
1013534_20204_2_0,Liver,50,66,215,228
1013534_20204_2_0,Body,23,17,358,258
1013534_20204_2_0,Spleen,239,157,317,210
1013534_20204_2_0,Aorta,196,148,224,173
1013567_20204_2_0,Liver,56,77,237,246
1013567_20204_2_0,Body,17,31,370,279
1013567_20204_2_0,Cyst,217,131,226,140
1013567_20204_2_0,IVC,155,164,175,183
1013567_20204_2_0,Aorta,199,162,227,190
1013642_20204_2_0,Liver,80,117,253,231
1013642_20204_2_0,Body,42,70,336,262
1013642_20204_2_0,Aorta,184,173,205,192
1013642_20204_2_0,IVC,158,170,178,188
1013642_20204_3_0,Liver,87,105,246,222
1013642_20204_3_0,Spleen,223,141,294,221
1013642_20204_3_0,Aorta,192,155,215,176
1013642_20204_3_0,IVC,161,158,185,176
1013642_20204_3_0,Body,57,71,318,248
1013710_20204_2_0,Liver,71,58,240,223
1013710_20204_2_0,Body,55,22,332,262
1013710_20204_2_0,Aorta,194,168,218,192
1013710_20204_2_0,IVC,164,146,177,157
1013832_20204_2_0,Liver,74,78,238,213
1013832_20204_2_0,Body,51,45,334,240
1013832_20204_2_0,Spleen,244,129,303,204
1013832_20204_2_0,Aorta,182,139,208,163
1013832_20204_2_0,IVC,158,140,179,161
1013987_20204_2_0,Liver,74,77,286,211
1013987_20204_2_0,Spleen,240,138,311,215
1013987_20204_2_0,Aorta,191,145,212,166
1013987_20204_2_0,IVC,155,134,173,155
1013987_20204_2_0,Kidney,131,173,165,206
1013987_20204_2_0,Body,64,47,332,248
1013992_20204_2_0,Liver,75,72,280,230
1013992_20204_2_0,Body,23,24,356,273
1013992_20204_2_0,Spleen,239,151,294,228
1013992_20204_2_0,Aorta,195,154,218,181
1014034_20204_2_0,Liver,54,72,208,235
1014034_20204_2_0,Body,15,30,377,276
1014034_20204_2_0,Aorta,193,147,218,171
1014034_20204_2_0,IVC,156,150,179,164
1014046_20204_2_0,Liver,55,60,186,223
1014046_20204_2_0,Body,25,26,355,273
1014046_20204_2_0,Spleen,235,163,317,229
1014046_20204_2_0,Aorta,192,156,218,182
1014046_20204_2_0,IVC,150,156,174,172
1101522_20204_2_0,Liver,79,90,184,215
1101522_20204_2_0,Body,35,25,371,252
1101522_20204_2_0,Heart,175,63,284,158
1101522_20204_2_0,Aorta,228,159,257,187
1101522_20204_2_0,Lung,239,65,321,222
1101522_20204_2_0,Lung,123,156,208,226
1101708_20204_2_0,Liver,116,148,168,206
1101708_20204_2_0,Body,68,86,361,271
1101708_20204_2_0,Heart,176,115,275,194
1101708_20204_2_0,Aorta,228,185,247,206
1101708_20204_2_0,Lung,232,114,328,242
1101708_20204_2_0,Lung,102,111,213,243
1110768_20204_3_0,Liver,77,88,170,211
1110768_20204_3_0,Body,30,23,364,272
1110768_20204_3_0,Aorta,220,176,243,200
1110768_20204_3_0,Heart,170,69,275,150
1110768_20204_3_0,Lung,233,80,325,235
1110768_20204_3_0,Lung,98,160,198,238
1125523_20204_2_0,Liver,69,65,222,193
1125523_20204_2_0,Body,13,17,377,278
1125523_20204_2_0,Aorta,185,159,208,181
1125523_20204_2_0,IVC,174,142,191,158
1125523_20204_2_0,Lung,215,87,298,231
1125523_20204_2_0,Lung,72,161,186,239
1127627_20204_2_0,Liver,70,87,214,240
1127627_20204_2_0,Spleen,220,167,300,231
1127627_20204_2_0,Aorta,194,173,215,198
1127627_20204_2_0,Body,39,39,336,276
1135195_20204_2_0,Liver,76,91,225,215
1135195_20204_2_0,Aorta,207,166,233,192
1135195_20204_2_0,Body,9,50,354,281
1135195_20204_2_0,Lung,218,108,314,228
1135195_20204_2_0,Lung,98,177,171,238
1156940_20204_2_0,Liver,84,103,257,208
1156940_20204_2_0,Body,39,49,358,270
1156940_20204_2_0,Aorta,206,177,228,199
1156940_20204_2_0,Lung,217,108,309,234
1156940_20204_2_0,Lung,83,176,184,234
1180623_20204_2_0,Liver,93,105,168,210
1180623_20204_2_0,Body,43,58,351,249
1180623_20204_2_0,Aorta,196,169,216,188
1180623_20204_2_0,Heart,167,90,279,173
1180623_20204_2_0,Lung,209,117,294,220
1180623_20204_2_0,Lung,142,161,189,214
1180623_20204_2_0,Lung,100,89,190,120
1219542_20204_2_0,Liver,55,86,166,238
1219542_20204_2_0,Body,33,36,362,274
1219542_20204_2_0,Heart,174,81,273,166
1223284_20204_2_0,Liver,57,56,205,234
1223284_20204_2_0,Body,18,18,378,285
1223284_20204_2_0,Spleen,260,134,338,227
1223284_20204_2_0,IVC,165,149,192,169
1223284_20204_2_0,Aorta,192,157,225,185
1233214_20204_2_0,Liver,85,94,222,202
1233214_20204_2_0,Body,40,48,361,273
1233214_20204_2_0,Lung,221,97,285,143
1233214_20204_2_0,Aorta,203,165,226,192
1233214_20204_2_0,IVC,176,158,201,171
1233214_20204_2_0,Lung,229,112,326,229
1233214_20204_2_0,Lung,76,170,197,236
1247915_20204_2_0,Liver,91,115,191,231
1247915_20204_2_0,Body,60,66,351,269
1247915_20204_2_0,Heart,185,102,289,185
1247915_20204_2_0,Aorta,219,182,245,208
1260396_20204_2_0,Liver,66,66,190,230
1260396_20204_2_0,Body,7,1,379,269
1260396_20204_2_0,Aorta,215,148,244,180
1260396_20204_2_0,Heart,195,53,284,140
1276510_20204_2_0,Body,0,53,382,251
1276510_20204_2_0,Aorta,202,146,233,180
1276510_20204_2_0,Lung,200,72,312,214
1276510_20204_2_0,Lung,63,69,186,215
1290575_20204_2_0,Body,70,55,366,267
1290575_20204_2_0,Heart,188,93,299,179
1290575_20204_2_0,Aorta,222,178,246,202
1290575_20204_2_0,Lung,116,91,210,236
1290575_20204_2_0,Lung,233,131,316,234
1358156_20204_3_0,Liver,77,79,168,199
1358156_20204_3_0,Heart,177,85,290,159
1358156_20204_3_0,Aorta,222,158,251,187
1358156_20204_3_0,Lung,238,87,330,207
1358156_20204_3_0,Lung,101,146,204,220
1358156_20204_3_0,Body,31,13,382,249
1363646_20204_2_0,Liver,68,81,207,232
1363646_20204_2_0,Body,21,41,377,274
1363646_20204_2_0,Heart,208,80,289,175
1363646_20204_2_0,Aorta,202,171,222,193
1363646_20204_2_0,Cyst,107,155,137,186
1363646_20204_2_0,Cyst,179,86,214,148
1386269_20204_2_0,Body,46,59,333,266
1386269_20204_2_0,Heart,164,105,263,188
1386269_20204_2_0,Aorta,203,175,227,199
1386269_20204_2_0,Lung,87,88,207,231
1386269_20204_2_0,Lung,212,102,298,240
1388640_20204_2_0,Liver,137,103,165,131
1388640_20204_2_0,Body,64,53,323,224
1388640_20204_2_0,Heart,162,79,259,143
1388640_20204_2_0,Aorta,201,139,223,161
1388640_20204_2_0,Lung,214,95,291,198
1388640_20204_2_0,Lung,100,73,195,195
1390800_20204_2_0,Liver,85,82,230,222
1390800_20204_2_0,Body,45,46,353,264
1390800_20204_2_0,Aorta,203,144,229,173
1390800_20204_2_0,IVC,168,139,191,156
1390800_20204_2_0,Spleen,219,136,310,228
1401848_20204_2_0,Liver,89,94,167,169
1401848_20204_2_0,Body,56,35,333,232
1401848_20204_2_0,Heart,186,68,258,140
1401848_20204_2_0,Aorta,194,142,216,167
1401848_20204_2_0,Lung,205,66,297,208
1401848_20204_2_0,Lung,82,143,191,205
1401848_20204_2_0,Lung,84,67,188,130
1425587_20204_2_0,Liver,79,83,247,208
1425587_20204_2_0,Body,63,54,320,237
1425587_20204_2_0,Spleen,222,136,301,207
1425587_20204_2_0,Aorta,190,136,215,158
1425587_20204_2_0,IVC,162,144,182,161
1425891_20204_2_0,Liver,66,109,233,231
1425891_20204_2_0,Body,41,59,340,272
1425891_20204_2_0,Spleen,233,165,307,233
1425891_20204_2_0,Aorta,198,160,221,182
1425891_20204_2_0,IVC,160,164,180,185
1447264_20204_2_0,Heart,217,107,283,158
1447264_20204_2_0,Aorta,219,175,242,197
1447264_20204_2_0,Body,77,62,357,273
1447264_20204_2_0,Lung,240,109,331,240
1447264_20204_2_0,Lung,120,99,227,250
1467611_20204_2_0,Lung,106,130,200,246
1467611_20204_2_0,Heart,180,125,279,198
1467611_20204_2_0,Aorta,216,198,239,219
1467611_20204_2_0,Lung,219,127,303,248
1467611_20204_2_0,Body,80,98,330,272
1470160_20204_2_0,Liver,87,78,282,218
1470160_20204_2_0,Body,15,26,376,266
1470160_20204_2_0,Spleen,224,161,302,223
1470160_20204_2_0,Aorta,196,149,216,172
1470160_20204_2_0,IVC,170,146,184,167
1508849_20204_2_0,Heart,185,110,292,180
1508849_20204_2_0,Aorta,245,180,272,205
1508849_20204_2_0,Lung,110,96,230,234
1508849_20204_2_0,Lung,243,97,341,236
1508849_20204_2_0,Body,65,60,383,265
1520627_20204_2_0,Heart,175,83,259,175
1520627_20204_2_0,Aorta,200,154,222,176
1520627_20204_2_0,Lung,207,113,292,208
1520627_20204_2_0,Lung,92,81,192,204
1520627_20204_2_0,Body,60,51,335,235
1532019_20204_2_0,Liver,81,97,229,225
1532019_20204_2_0,Spleen,224,184,300,225
1532019_20204_2_0,Aorta,190,160,209,180
1532019_20204_2_0,IVC,167,164,184,179
1532019_20204_2_0,Body,12,54,373,264
1541442_20204_2_0,Liver,62,88,249,225
1541442_20204_2_0,Body,45,69,332,254
1541442_20204_2_0,Spleen,258,171,312,226
1541442_20204_2_0,Kidney,218,181,262,222
1541442_20204_2_0,Aorta,191,147,219,173
1541442_20204_2_0,IVC,146,149,171,170
1560539_20204_2_0,Liver,67,59,247,212
1560539_20204_2_0,Body,24,13,367,277
1560539_20204_2_0,Aorta,218,172,247,197
1560539_20204_2_0,Lung,233,107,325,232
1560539_20204_2_0,Lung,82,180,187,234
1574548_20204_2_0,Liver,70,55,197,224
1574548_20204_2_0,Cyst,103,166,117,183
1574548_20204_2_0,Body,25,18,343,261
1574548_20204_2_0,Aorta,185,151,209,176
1574548_20204_2_0,IVC,161,146,184,164
1574548_20204_2_0,Spleen,263,169,298,217
1583570_20204_3_0,Liver,64,95,222,234
1583570_20204_3_0,Body,46,58,342,268
1583570_20204_3_0,Heart,219,101,285,165
1583570_20204_3_0,Lung,221,114,313,241
1643425_20204_2_0,Liver,174,111,272,184
1643425_20204_2_0,Body,88,86,343,266
1643425_20204_2_0,Lung,112,110,209,243
1643425_20204_2_0,Lung,234,107,310,243
1643425_20204_2_0,Aorta,224,175,245,200
1644539_20204_2_0,Liver,71,86,221,233
1644539_20204_2_0,Body,40,48,341,259
1644539_20204_2_0,Spleen,233,166,305,228
1644539_20204_2_0,Aorta,197,153,219,178
1644539_20204_2_0,IVC,156,152,180,168
1647248_20204_2_0,Liver,93,106,191,239
1647248_20204_2_0,Body,69,52,369,270
1647248_20204_2_0,Spleen,282,169,344,236
1647248_20204_2_0,Kidney,257,188,280,220
1647248_20204_2_0,Kidney,158,184,194,215
1725425_20204_2_0,Liver,58,93,150,214
1725425_20204_2_0,Body,40,63,309,248
1725425_20204_2_0,Aorta,183,154,207,178
1725425_20204_2_0,Lung,192,111,285,218
1745899_20204_2_0,Liver,67,90,240,227
1745899_20204_2_0,Body,1,37,372,268
1745899_20204_2_0,Spleen,203,176,269,225
1745899_20204_2_0,Aorta,169,154,197,183
1745899_20204_2_0,IVC,147,162,163,180
1763078_20204_2_0,Liver,75,47,249,198
1763078_20204_2_0,Body,52,21,343,271
1763078_20204_2_0,Lung,213,64,320,231
1763078_20204_2_0,Lung,67,128,208,231
1763078_20204_2_0,Heart,204,49,252,100
1879468_20204_2_0,Liver,87,91,173,203
1879468_20204_2_0,Body,12,39,376,262
1879468_20204_2_0,Heart,174,94,282,164
1879468_20204_2_0,Aorta,206,168,230,190
1879468_20204_2_0,Lung,210,109,310,232
1879468_20204_2_0,Lung,92,166,196,226
1879468_20204_2_0,Lung,108,74,178,109
1881839_20204_2_0,Heart,144,97,250,161
1881839_20204_2_0,Aorta,203,157,225,182
1881839_20204_2_0,Body,39,57,344,238
1881839_20204_2_0,Lung,203,88,298,213
1881839_20204_2_0,Lung,80,88,190,209
1887064_20204_2_0,Liver,78,93,246,222
1887064_20204_2_0,Body,54,52,339,271
1887064_20204_2_0,Cyst,90,118,110,142
1887064_20204_2_0,Aorta,200,166,221,188
1887064_20204_2_0,IVC,177,146,198,169
1887064_20204_2_0,Spleen,227,202,292,230
1897249_20204_2_0,Liver,104,117,185,200
1897249_20204_2_0,Heart,185,94,312,183
1897249_20204_2_0,Aorta,234,185,258,207
1897249_20204_2_0,Lung,244,126,337,223
1897249_20204_2_0,Lung,89,95,225,223
1897249_20204_2_0,Body,37,64,383,264
1157149_20204_2_0,Body,42,25,357,248
1157149_20204_2_0,Kidney,234,142,287,192
1157149_20204_2_0,Kidney,118,151,171,200
1169457_20204_2_0,Body,50,68,310,235
1169457_20204_2_0,Kidney,214,161,252,199
1169457_20204_2_0,Kidney,116,152,163,197
1169457_20204_2_0,Liver,70,134,117,203
1200741_20204_2_0,Body,50,28,332,242
1200741_20204_2_0,Kidney,101,156,156,199
1200741_20204_2_0,Kidney,230,155,277,202
1200741_20204_2_0,Liver,72,65,226,188
1251045_20204_2_0,Body,1,34,322,266
1251045_20204_2_0,Kidney,64,160,132,210
1251045_20204_2_0,Kidney,193,172,246,218
1251045_20204_2_0,Spleen,246,172,285,221
1253491_20204_2_0,Lung,224,147,295,213
1253491_20204_2_0,Lung,133,149,218,213
1253491_20204_2_0,Body,21,115,381,253
1277057_20204_2_0,Lung,219,141,278,210
1277057_20204_2_0,Lung,131,142,190,210
1277057_20204_2_0,Body,4,102,383,256
1373109_20204_2_0,Kidney,233,157,276,205
1373109_20204_2_0,Kidney,98,154,150,201
1373109_20204_2_0,Body,52,71,327,239
1392510_20204_2_0,Body,17,111,383,251
1429577_20204_2_0,Liver,60,91,290,246
1429577_20204_2_0,Spleen,245,192,323,245
1429577_20204_2_0,Body,24,49,372,284
1429577_20204_2_0,Aorta,209,164,241,195
1429577_20204_2_0,IVC,166,163,187,186
1433116_20204_2_0,Kidney,159,159,207,204
1433116_20204_2_0,Kidney,270,164,308,203
1433116_20204_2_0,Body,107,53,379,260
1433116_20204_2_0,Liver,135,101,217,174
1443815_20204_2_0,Liver,49,71,219,240
1443815_20204_2_0,Spleen,241,158,331,236
1443815_20204_2_0,Aorta,195,158,220,183
1443815_20204_2_0,Body,20,34,367,282
1583570_20204_2_0,Body,52,53,343,254
1583570_20204_2_0,Cyst,240,155,308,217
1583570_20204_2_0,Cyst,103,169,157,214
1583570_20204_2_0,Cyst,101,100,145,143
1583570_20204_2_0,Kidney,260,128,300,163
1583570_20204_2_0,Kidney,106,138,160,183
1611521_20204_2_0,Body,3,99,383,241
1611521_20204_2_0,Lung,123,142,180,190
1611521_20204_2_0,Lung,233,145,284,188
1360357_20204_2_0,Body,2,90,382,263
1514023_20204_2_0,Liver,118,110,185,221
1514023_20204_2_0,Heart,182,96,289,168
1514023_20204_2_0,Aorta,211,171,234,195
1514023_20204_2_0,Body,51,56,354,270
1514023_20204_2_0,Lung,227,144,304,234
1514023_20204_2_0,Lung,109,89,192,235
1552535_20204_2_0,Body,0,102,384,260
1585017_20204_2_0,Kidney,88,162,137,221
1585017_20204_2_0,Kidney,234,162,302,216
1585017_20204_2_0,Body,34,35,353,276
1627725_20204_2_0,Kidney,100,139,158,192
1627725_20204_2_0,Kidney,227,157,269,198
1627725_20204_2_0,Body,51,47,325,234
1754379_20204_2_0,Kidney,95,184,152,228
1754379_20204_2_0,Kidney,204,174,261,227
1754379_20204_2_0,Body,52,77,319,262
1754379_20204_2_0,Liver,71,131,125,205
1776470_20204_2_0,Liver,64,93,213,216
1776470_20204_2_0,Body,46,56,315,250
1776470_20204_2_0,Aorta,189,154,213,183
1776470_20204_2_0,IVC,154,152,169,166
1776470_20204_2_0,Spleen,214,170,287,222
1902054_20204_2_0,Liver,48,22,214,237
1902054_20204_2_0,Body,3,2,382,272
1902054_20204_2_0,Spleen,247,153,343,216
1902054_20204_2_0,Aorta,212,153,241,180
1902054_20204_2_0,IVC,161,131,192,162
1905152_20204_2_0,Body,2,99,383,246
1905152_20204_2_0,Lung,201,141,245,198
1905152_20204_2_0,Lung,120,143,168,207
1098946_20204_2_0,Liver,60,59,244,241
1098946_20204_2_0,Spleen,259,161,318,233
1098946_20204_2_0,Aorta,199,173,226,201
1098946_20204_2_0,Body,25,16,363,281
1675502_20204_2_0,Liver,59,66,196,151
1675502_20204_2_0,Body,5,24,331,269
1675502_20204_2_0,Lung,44,112,168,228
1675502_20204_2_0,Lung,166,164,288,228
1675502_20204_2_0,Aorta,161,156,182,180
2004342_20204_2_0,Liver,78,100,136,230
2004342_20204_2_0,Body,54,63,341,264
2004342_20204_2_0,Kidney,129,185,168,220
2004342_20204_2_0,Kidney,227,182,289,223
2020566_20204_2_0,Liver,118,66,239,170
2020566_20204_2_0,Body,97,42,362,254
2020566_20204_2_0,Kidney,153,167,203,209
2020566_20204_2_0,Kidney,253,161,313,210
2032252_20204_2_0,Liver,116,123,147,200
2032252_20204_2_0,Body,84,54,358,263
2032252_20204_2_0,Kidney,142,183,183,219
2032252_20204_2_0,Kidney,249,189,284,216
2100762_20204_2_0,Liver,83,79,137,217
2100762_20204_2_0,Body,32,28,362,257
2100762_20204_2_0,Kidney,229,154,276,193
2100762_20204_2_0,Kidney,128,157,175,201
2135019_20204_2_0,Lung,78,95,167,216
2135019_20204_2_0,Body,21,44,362,268
2135019_20204_2_0,Spleen,200,187,272,224
2135019_20204_2_0,Aorta,182,171,203,187
2255886_20204_2_0,Body,1,114,378,257
2255886_20204_2_0,Lung,107,162,157,204
2255886_20204_2_0,Lung,175,164,228,207
2258170_20204_2_0,Liver,115,137,168,206
2258170_20204_2_0,Body,60,67,364,266
2258170_20204_2_0,Heart,181,103,296,187
2258170_20204_2_0,Aorta,234,196,262,221
2258170_20204_2_0,Lung,103,92,199,236
2258170_20204_2_0,Lung,230,99,324,238
2262383_20204_2_0,Liver,84,78,184,136
2262383_20204_2_0,Body,53,36,344,250
2262383_20204_2_0,Lung,68,98,184,212
2262383_20204_2_0,Lung,223,110,325,218
2295185_20204_2_0,Liver,65,122,95,194
2295185_20204_2_0,Body,42,32,362,255
2295185_20204_2_0,Kidney,108,157,167,201
2295185_20204_2_0,Kidney,240,161,304,206
2360959_20204_2_0,Body,0,94,381,234
2417151_20204_2_0,Liver,90,91,133,192
2417151_20204_2_0,Body,50,42,354,251
2417151_20204_2_0,Kidney,126,152,177,199
2417151_20204_2_0,Kidney,241,151,289,194
2574831_20204_2_0,Liver,45,65,125,233
2574831_20204_2_0,Kidney,221,172,291,231
2574831_20204_2_0,Body,22,32,353,282
2574831_20204_2_0,Aorta,184,152,208,176
2574831_20204_2_0,IVC,144,145,177,166
2656251_20204_2_0,Heart,181,103,301,182
2656251_20204_2_0,Aorta,231,178,255,202
2656251_20204_2_0,Lung,101,92,208,238
2656251_20204_2_0,Lung,233,108,339,231
2656251_20204_2_0,Body,46,67,371,268
2658457_20204_2_0,Body,1,52,380,270
2676567_20204_2_0,Body,2,90,382,229
2676567_20204_2_0,Lung,194,131,267,189
2676567_20204_2_0,Lung,99,127,175,187
2818085_20204_2_0,Liver,77,73,174,213
2818085_20204_2_0,Heart,178,81,284,152
2818085_20204_2_0,Body,29,13,381,265
2818085_20204_2_0,Lung,215,126,309,231
2848919_20204_2_0,Liver,97,122,196,226
2848919_20204_2_0,Body,55,72,373,268
2848919_20204_2_0,Heart,194,109,298,177
2848919_20204_2_0,Aorta,225,175,248,199
2848919_20204_2_0,Lung,235,118,333,235
2855512_20204_2_0,Kidney,134,155,171,200
2855512_20204_2_0,Kidney,220,168,261,205
2855512_20204_2_0,Liver,87,96,140,210
2855512_20204_2_0,Body,49,50,335,255
2858779_20204_2_0,Kidney,104,177,165,235
2858779_20204_2_0,Kidney,230,193,299,236
2858779_20204_2_0,Body,27,64,364,276
2858779_20204_2_0,Liver,53,102,140,238
2889657_20204_2_0,Kidney,237,172,287,217
2889657_20204_2_0,Kidney,131,172,187,214
2889657_20204_2_0,Liver,94,141,127,230
2889657_20204_2_0,Liver,148,103,229,139
2889657_20204_2_0,Body,63,63,351,264
2895301_20204_2_0,Kidney,191,165,249,212
2895301_20204_2_0,Kidney,70,163,136,214
2895301_20204_2_0,Body,3,44,330,271
2967530_20204_2_0,Kidney,103,169,158,217
2967530_20204_2_0,Kidney,223,177,275,216
2967530_20204_2_0,Body,51,57,333,260
3004137_20204_2_0,Kidney,111,162,166,208
3004137_20204_2_0,Kidney,237,154,286,203
3004137_20204_2_0,Body,49,38,345,243
3042720_20204_2_0,Body,3,97,381,275
3042720_20204_2_0,Lung,205,160,236,189
3042720_20204_2_0,Lung,106,158,150,187
3127176_20204_2_0,Heart,170,83,270,161
3127176_20204_2_0,Aorta,217,153,238,177
3127176_20204_2_0,Lung,96,67,187,208
3127176_20204_2_0,Lung,222,101,306,210
3127176_20204_2_0,Body,45,40,364,232
3177489_20204_2_0,Kidney,133,187,172,214
3177489_20204_2_0,Kidney,242,183,273,207
3177489_20204_2_0,Spleen,277,123,337,224
3177489_20204_2_0,Liver,92,149,168,205
3177489_20204_2_0,Body,67,43,365,269
3187848_20204_2_0,Body,2,100,382,247
3199413_20204_2_0,Kidney,113,155,163,197
3199413_20204_2_0,Kidney,222,163,273,204
3199413_20204_2_0,Liver,89,53,152,181
3199413_20204_2_0,Body,65,24,331,248
3215696_20204_2_0,Cyst,220,119,282,184
3215696_20204_2_0,Body,9,64,369,269
3284127_20204_2_0,Kidney,234,187,276,234
3284127_20204_2_0,Kidney,131,184,185,233
3284127_20204_2_0,Liver,86,126,130,232
3284127_20204_2_0,Body,59,74,345,267
3345753_20204_2_0,Kidney,127,176,174,215
3345753_20204_2_0,Kidney,230,185,276,217
3345753_20204_2_0,Liver,83,118,134,231
3345753_20204_2_0,Body,56,63,341,271
3401476_20204_2_0,Heart,189,78,278,138
3401476_20204_2_0,Liver,79,101,178,210
3401476_20204_2_0,Lung,78,74,183,224
3401476_20204_2_0,Lung,214,98,308,222
3401476_20204_2_0,Body,55,49,326,263
3413134_20204_2_0,Lung,121,149,158,186
3413134_20204_2_0,Lung,209,140,249,183
3413134_20204_2_0,Body,1,82,380,248
3421224_20204_2_0,Liver,110,162,140,195
3421224_20204_2_0,Body,59,83,337,269
3421224_20204_2_0,Heart,158,115,275,192
3421224_20204_2_0,Aorta,214,192,238,216
3421224_20204_2_0,Lung,86,111,190,241
3421224_20204_2_0,Lung,221,123,312,245
3560825_20204_2_0,Kidney,106,155,158,191
3560825_20204_2_0,Kidney,202,149,248,191
3560825_20204_2_0,Liver,68,107,103,187
3560825_20204_2_0,Body,37,54,318,237
3575830_20204_2_0,Kidney,105,168,151,211
3575830_20204_2_0,Spleen,232,174,307,231
3575830_20204_2_0,Aorta,184,148,211,173
3575830_20204_2_0,Liver,58,130,97,223
3575830_20204_2_0,Body,39,37,338,268
3684280_20204_2_0,Body,86,85,322,232
3768041_20204_2_0,Body,5,108,374,237
